<?xml version="1.0" encoding="UTF-8" standalone="yes"?>
<addon id="script.darkclean.Matrix" name="[COLORcyan]Script[/COLOR] [COLORlime]DarkClean[/COLOR]" provider-name="DLP" version="1.1"> 
  <requires>
    <import addon="xbmc.python" version="3.0.0" /> 
  </requires>
  <extension library="default.py" point="xbmc.python.pluginsource">
        <provides>executable</provides>
  </extension>
  <extension library="service.py" point="xbmc.service" start="startup"> 
        <provides>executable</provides>
  </extension>
  <extension point="xbmc.addon.metadata"> 
    <platform>all</platform>
    <summary lang="en_GB">Clean up files in Kodi Matrix.</summary>
    <license>GNU GENERAL PUBLIC LICENSE.</license>
    <description lang="en_GB">Clean up temporary files in Kodi Matrix.</description>
	<description lang="it_IT">Script per pulizia Kodi Matrix. ( cleaning shit ...)</description>
    <assets>
        <icon>icon.png</icon>
        <fanart>fanart.jpg</fanart>
    </assets>
  </extension>
</addon>