<?xml version="1.0" encoding="UTF-8" standalone="yes"?>
<addon id="plugin.video.vilhaoplaylist" name="[COLOR lime]DarkLegion Playlist[/COLOR] [COLOR cyan]Matrix[/COLOR]" version="1.0" provider-name="DLP">
  <requires>
    <import addon="xbmc.python" version="3.0.0"/>
    <import addon="script.module.requests" version="2.22.0"/>
  </requires>
  <extension point="xbmc.python.pluginsource" library="default.py">
    <provides>video</provides>
  </extension>
  <extension point="xbmc.addon.metadata">
    <summary lang="en">[COLOR lime]Addon per testare le liste[/COLOR]</summary>
    <summary lang="en">[COLOR lime]DarkLegion.TUTTI I LINK SONO DISPONIBILI SU INTERNET![/COLOR]</summary>
    <description lang="en">[COLOR lime]DLP Playlist é un addon per testare le playlist[/COLOR]</description>
    <language>en de</language>
    <platform>all</platform>
      <assets>
        <icon>icon.gif</icon>
        <fanart>fanart.gif</fanart>
    </assets>
  </extension>
</addon>
